﻿name,description
mn_Report_201101.xml,2011年局屬地面測站01月氣象資料
mn_Report_201102.xml,2011年局屬地面測站02月氣象資料
mn_Report_201103.xml,2011年局屬地面測站03月氣象資料
mn_Report_201104.xml,2011年局屬地面測站04月氣象資料
mn_Report_201105.xml,2011年局屬地面測站05月氣象資料
mn_Report_201106.xml,2011年局屬地面測站06月氣象資料
mn_Report_201107.xml,2011年局屬地面測站07月氣象資料
mn_Report_201108.xml,2011年局屬地面測站08月氣象資料
mn_Report_201109.xml,2011年局屬地面測站09月氣象資料
mn_Report_201110.xml,2011年局屬地面測站10月氣象資料
mn_Report_201111.xml,2011年局屬地面測站11月氣象資料
mn_Report_201112.xml,2011年局屬地面測站12月氣象資料
mn_Report_201201.xml,2012年局屬地面測站01月氣象資料
mn_Report_201202.xml,2012年局屬地面測站02月氣象資料
mn_Report_201203.xml,2012年局屬地面測站03月氣象資料
mn_Report_201204.xml,2012年局屬地面測站04月氣象資料
mn_Report_201205.xml,2012年局屬地面測站05月氣象資料
mn_Report_201206.xml,2012年局屬地面測站06月氣象資料
mn_Report_201207.xml,2012年局屬地面測站07月氣象資料
mn_Report_201208.xml,2012年局屬地面測站08月氣象資料
mn_Report_201209.xml,2012年局屬地面測站09月氣象資料
mn_Report_201210.xml,2012年局屬地面測站10月氣象資料
mn_Report_201211.xml,2012年局屬地面測站11月氣象資料
mn_Report_201212.xml,2012年局屬地面測站12月氣象資料
mn_Report_201301.xml,2013年局屬地面測站01月氣象資料
mn_Report_201302.xml,2013年局屬地面測站02月氣象資料
mn_Report_201303.xml,2013年局屬地面測站03月氣象資料
mn_Report_201304.xml,2013年局屬地面測站04月氣象資料
mn_Report_201305.xml,2013年局屬地面測站05月氣象資料
mn_Report_201306.xml,2013年局屬地面測站06月氣象資料
mn_Report_201307.xml,2013年局屬地面測站07月氣象資料
mn_Report_201308.xml,2013年局屬地面測站08月氣象資料
mn_Report_201309.xml,2013年局屬地面測站09月氣象資料
mn_Report_201310.xml,2013年局屬地面測站10月氣象資料
mn_Report_201311.xml,2013年局屬地面測站11月氣象資料
mn_Report_201312.xml,2013年局屬地面測站12月氣象資料
mn_Report_201401.xml,2014年局屬地面測站01月氣象資料
mn_Report_201402.xml,2014年局屬地面測站02月氣象資料
mn_Report_201403.xml,2014年局屬地面測站03月氣象資料
mn_Report_201404.xml,2014年局屬地面測站04月氣象資料
mn_Report_201405.xml,2014年局屬地面測站05月氣象資料
mn_Report_201406.xml,2014年局屬地面測站06月氣象資料
mn_Report_201407.xml,2014年局屬地面測站07月氣象資料
mn_Report_201408.xml,2014年局屬地面測站08月氣象資料
mn_Report_201409.xml,2014年局屬地面測站09月氣象資料
mn_Report_201410.xml,2014年局屬地面測站10月氣象資料
mn_Report_201411.xml,2014年局屬地面測站11月氣象資料
mn_Report_201412.xml,2014年局屬地面測站12月氣象資料
mn_Report_201501.xml,2015年局屬地面測站01月氣象資料
mn_Report_201502.xml,2015年局屬地面測站02月氣象資料
mn_Report_201503.xml,2015年局屬地面測站03月氣象資料
mn_Report_201504.xml,2015年局屬地面測站04月氣象資料
mn_Report_201505.xml,2015年局屬地面測站05月氣象資料
mn_Report_201506.xml,2015年局屬地面測站06月氣象資料
mn_Report_201507.xml,2015年局屬地面測站07月氣象資料
mn_Report_201508.xml,2015年局屬地面測站08月氣象資料
mn_Report_201509.xml,2015年局屬地面測站09月氣象資料
mn_Report_201510.xml,2015年局屬地面測站10月氣象資料
mn_Report_201511.xml,2015年局屬地面測站11月氣象資料
mn_Report_201512.xml,2015年局屬地面測站12月氣象資料
mn_Report_201601.xml,2016年局屬地面測站01月氣象資料
mn_Report_201602.xml,2016年局屬地面測站02月氣象資料
mn_Report_201603.xml,2016年局屬地面測站03月氣象資料
mn_Report_201604.xml,2016年局屬地面測站04月氣象資料
mn_Report_201605.xml,2016年局屬地面測站05月氣象資料
mn_Report_201606.xml,2016年局屬地面測站06月氣象資料
mn_Report_201607.xml,2016年局屬地面測站07月氣象資料
mn_Report_201608.xml,2016年局屬地面測站08月氣象資料
mn_Report_201609.xml,2016年局屬地面測站09月氣象資料
mn_Report_201610.xml,2016年局屬地面測站10月氣象資料
mn_Report_201611.xml,2016年局屬地面測站11月氣象資料
mn_Report_201612.xml,2016年局屬地面測站12月氣象資料
mn_Report_201701.xml,2017年局屬地面測站01月氣象資料
mn_Report_201702.xml,2017年局屬地面測站02月氣象資料
mn_Report_201703.xml,2017年局屬地面測站03月氣象資料
mn_Report_201704.xml,2017年局屬地面測站04月氣象資料
mn_Report_201705.xml,2017年局屬地面測站05月氣象資料
mn_Report_201706.xml,2017年局屬地面測站06月氣象資料
mn_Report_201707.xml,2017年局屬地面測站07月氣象資料
mn_Report_201708.xml,2017年局屬地面測站08月氣象資料
mn_Report_201709.xml,2017年局屬地面測站09月氣象資料
mn_Report_201710.xml,2017年局屬地面測站10月氣象資料
mn_Report_201711.xml,2017年局屬地面測站11月氣象資料
mn_Report_201712.xml,2017年局屬地面測站12月氣象資料
mn_Report_201801.xml,2018年局屬地面測站01月氣象資料
mn_Report_201802.xml,2018年局屬地面測站02月氣象資料
mn_Report_201803.xml,2018年局屬地面測站03月氣象資料
mn_Report_201804.xml,2018年局屬地面測站04月氣象資料
mn_Report_201805.xml,2018年局屬地面測站05月氣象資料
mn_Report_201806.xml,2018年局屬地面測站06月氣象資料
mn_Report_201807.xml,2018年局屬地面測站07月氣象資料
mn_Report_201808.xml,2018年局屬地面測站08月氣象資料
mn_Report_201809.xml,2018年局屬地面測站09月氣象資料
mn_Report_201810.xml,2018年局屬地面測站10月氣象資料
mn_Report_201811.xml,2018年局屬地面測站11月氣象資料
mn_Report_201812.xml,2018年局屬地面測站12月氣象資料
mn_Report_201901.xml,2019年局屬地面測站01月氣象資料
mn_Report_201902.xml,2019年局屬地面測站02月氣象資料
mn_Report_201903.xml,2019年局屬地面測站03月氣象資料
mn_Report_201904.xml,2019年局屬地面測站04月氣象資料
mn_Report_201905.xml,2019年局屬地面測站05月氣象資料
mn_Report_201906.xml,2019年局屬地面測站06月氣象資料
mn_Report_201907.xml,2019年局屬地面測站07月氣象資料
mn_Report_201908.xml,2019年局屬地面測站08月氣象資料
mn_Report_201909.xml,2019年局屬地面測站09月氣象資料
mn_Report_201910.xml,2019年局屬地面測站10月氣象資料
mn_Report_201911.xml,2019年局屬地面測站11月氣象資料
mn_Report_201912.xml,2019年局屬地面測站12月氣象資料
